{
 "version": "v1",
 "built_from": {
  "games": 11547,
  "moves": 1060887,
  "blunders": 73827
 },
 "band_edges": [
  0,
  1300,
  1600,
  1900,
  2200,
  99999
 ],
 "band_names": [
  "<1300",
  "1300-1599",
  "1600-1899",
  "1900-2199",
  "2200+"
 ],
 "rates_per_1000_moves": {
  "1600-1899": {
   "位置的・その他": 40.10752029517636,
   "駒損（即取り）": 8.494607770719456,
   "詰み見逃し": 6.795686216575565,
   "駒損（タクティクス）": 6.491213530838219,
   "玉の危険（寄せ）": 6.147105347549265,
   "頓死": 1.8610667714004663
  },
  "1300-1599": {
   "位置的・その他": 46.75349922239502,
   "駒損（即取り）": 10.60982174901304,
   "玉の危険（寄せ）": 6.175977987797584,
   "駒損（タクティクス）": 7.428370618495035,
   "詰み見逃し": 6.848905371455916,
   "頓死": 2.0374745782988395
  },
  "1900-2199": {
   "詰み見逃し": 5.619310184867925,
   "位置的・その他": 31.1223333315762,
   "駒損（即取り）": 7.090030205110093,
   "駒損（タクティクス）": 5.308297707469044,
   "玉の危険（寄せ）": 5.223955340716805,
   "頓死": 1.2809496950496302
  },
  "<1300": {
   "位置的・その他": 55.97888553062875,
   "駒損（即取り）": 15.112170618534758,
   "駒損（タクティクス）": 8.471329445319483,
   "頓死": 3.8312545230088118,
   "玉の危険（寄せ）": 6.002298752713806,
   "詰み見逃し": 12.04716700012771
  },
  "2200+": {
   "位置的・その他": 16.065534656221416,
   "詰み見逃し": 4.612876287429912,
   "駒損（即取り）": 3.459657215572434,
   "駒損（タクティクス）": 2.3462043186065933,
   "玉の危険（寄せ）": 2.1473734441484074,
   "頓死": 0.43742792380800893
  }
 },
 "mate_miss": {
  "<1300": {
   "1手": {
    "opportunities": 232,
    "misses": 50,
    "rate": 0.21551724137931033
   },
   "3手": {
    "opportunities": 145,
    "misses": 42,
    "rate": 0.2896551724137931
   },
   "5手": {
    "opportunities": 117,
    "misses": 40,
    "rate": 0.3418803418803419
   },
   "7手+": {
    "opportunities": 332,
    "misses": 180,
    "rate": 0.5421686746987951
   }
  },
  "1300-1599": {
   "1手": {
    "opportunities": 993,
    "misses": 68,
    "rate": 0.06847935548841894
   },
   "3手": {
    "opportunities": 1219,
    "misses": 146,
    "rate": 0.11977030352748154
   },
   "5手": {
    "opportunities": 1121,
    "misses": 240,
    "rate": 0.21409455842997324
   },
   "7手+": {
    "opportunities": 4388,
    "misses": 1702,
    "rate": 0.3878760255241568
   }
  },
  "1600-1899": {
   "1手": {
    "opportunities": 2097,
    "misses": 128,
    "rate": 0.06103958035288507
   },
   "3手": {
    "opportunities": 2615,
    "misses": 272,
    "rate": 0.1040152963671128
   },
   "5手": {
    "opportunities": 2627,
    "misses": 438,
    "rate": 0.16673011039208221
   },
   "7手+": {
    "opportunities": 10246,
    "misses": 3631,
    "rate": 0.35438219793089987
   }
  },
  "1900-2199": {
   "1手": {
    "opportunities": 733,
    "misses": 29,
    "rate": 0.03956343792633015
   },
   "3手": {
    "opportunities": 926,
    "misses": 45,
    "rate": 0.04859611231101512
   },
   "5手": {
    "opportunities": 986,
    "misses": 112,
    "rate": 0.11359026369168357
   },
   "7手+": {
    "opportunities": 3734,
    "misses": 1119,
    "rate": 0.2996786288162828
   }
  },
  "2200+": {
   "1手": {
    "opportunities": 232,
    "misses": 3,
    "rate": 0.01293103448275862
   },
   "3手": {
    "opportunities": 178,
    "misses": 3,
    "rate": 0.016853932584269662
   },
   "5手": {
    "opportunities": 182,
    "misses": 12,
    "rate": 0.06593406593406594
   },
   "7手+": {
    "opportunities": 657,
    "misses": 131,
    "rate": 0.1993911719939117
   }
  }
 }
}