{
 "version": "v1",
 "built_from": {
  "games": 11547,
  "moves": 1060887,
  "blunders": 65638
 },
 "band_edges": [
  0,
  1300,
  1600,
  1900,
  2200,
  99999
 ],
 "band_names": [
  "<1300",
  "1300-1599",
  "1600-1899",
  "1900-2199",
  "2200+"
 ],
 "rates_per_1000_moves": {
  "1600-1899": {
   "位置的・その他": 32.119165925002434,
   "玉の危険（寄せ）": 6.330869927106717,
   "詰み見逃し": 6.707407153846986,
   "駒損（即取り）": 8.474790021943653,
   "頓死": 1.9079087230523657,
   "駒損（タクティクス）": 6.318258632431205
  },
  "1300-1599": {
   "位置的・その他": 37.94188898193564,
   "駒損（即取り）": 10.404205048450772,
   "玉の危険（寄せ）": 6.613380787175499,
   "駒損（タクティクス）": 7.604079435339155,
   "詰み見逃し": 6.927413566216055,
   "頓死": 2.1010288311999044
  },
  "1900-2199": {
   "詰み見逃し": 5.63512437863397,
   "位置的・その他": 24.722856254250065,
   "駒損（タクティクス）": 5.160698565652625,
   "駒損（即取り）": 6.657775575504868,
   "玉の危険（寄せ）": 5.571867603569791,
   "頓死": 1.3758348576458992
  },
  "<1300": {
   "位置的・その他": 45.54935932910476,
   "駒損（即取り）": 15.410157081435443,
   "駒損（タクティクス）": 9.109871865820953,
   "頓死": 4.001532501809203,
   "玉の危険（寄せ）": 6.725980162615469,
   "詰み見逃し": 11.962028010727513
  },
  "2200+": {
   "位置的・その他": 13.321668588698452,
   "詰み見逃し": 4.493577762755001,
   "駒損（即取り）": 3.2210601662226113,
   "駒損（タクティクス）": 2.10760726925677,
   "玉の危険（寄せ）": 2.306438143714956,
   "頓死": 0.5964926233745576
  }
 },
 "mate_miss": {
  "<1300": {
   "1手": {
    "opportunities": 232,
    "misses": 50,
    "rate": 0.21551724137931033
   },
   "3手": {
    "opportunities": 145,
    "misses": 45,
    "rate": 0.3103448275862069
   },
   "5手": {
    "opportunities": 117,
    "misses": 40,
    "rate": 0.3418803418803419
   },
   "7手+": {
    "opportunities": 334,
    "misses": 176,
    "rate": 0.5269461077844312
   }
  },
  "1300-1599": {
   "1手": {
    "opportunities": 993,
    "misses": 69,
    "rate": 0.06948640483383686
   },
   "3手": {
    "opportunities": 1219,
    "misses": 151,
    "rate": 0.12387202625102543
   },
   "5手": {
    "opportunities": 1121,
    "misses": 236,
    "rate": 0.21052631578947367
   },
   "7手+": {
    "opportunities": 4384,
    "misses": 1753,
    "rate": 0.3998631386861314
   }
  },
  "1600-1899": {
   "1手": {
    "opportunities": 2097,
    "misses": 130,
    "rate": 0.061993323795898905
   },
   "3手": {
    "opportunities": 2615,
    "misses": 280,
    "rate": 0.10707456978967496
   },
   "5手": {
    "opportunities": 2626,
    "misses": 448,
    "rate": 0.1706016755521706
   },
   "7手+": {
    "opportunities": 10194,
    "misses": 3723,
    "rate": 0.3652148322542672
   }
  },
  "1900-2199": {
   "1手": {
    "opportunities": 733,
    "misses": 28,
    "rate": 0.03819918144611187
   },
   "3手": {
    "opportunities": 926,
    "misses": 45,
    "rate": 0.04859611231101512
   },
   "5手": {
    "opportunities": 987,
    "misses": 117,
    "rate": 0.11854103343465046
   },
   "7手+": {
    "opportunities": 3813,
    "misses": 1173,
    "rate": 0.3076317859952793
   }
  },
  "2200+": {
   "1手": {
    "opportunities": 232,
    "misses": 3,
    "rate": 0.01293103448275862
   },
   "3手": {
    "opportunities": 178,
    "misses": 2,
    "rate": 0.011235955056179775
   },
   "5手": {
    "opportunities": 182,
    "misses": 12,
    "rate": 0.06593406593406594
   },
   "7手+": {
    "opportunities": 673,
    "misses": 129,
    "rate": 0.19167904903417535
   }
  }
 }
}